batch_size,epoch,scheduler,optimizer,lr,trn set per class,tst set per class,Train Loss,Val Loss,ACC,비고
64,10,FALSE,Adam,0.0001,3000,1000,0.09405563137,1.966127239,0.5587142857,
64,10,TRUE,Lion,0.0001,5000,1000,0.004661599303,3.054038518,0.5982857143,
64,8,FALSE,Lion,0.0001,5000,1000,0.1858256572,1.656652168,0.6174285714,
